passage_event,direction,lateral_crossing_offset_m
P0001,B,-350.403013
P0002,B,-344.101596
P0003,B,161.463929
P0004,A,-764.789810
P0005,B,27.659738
P0006,A,-553.148058
P0007,A,-331.870154
P0008,A,-423.791664
P0009,B,519.697288
P0010,A,-173.973358
P0011,B,281.369866
P0012,A,-251.625223
P0013,B,376.070138
P0014,A,-403.962273
P0015,B,129.773375
P0016,B,149.418183
P0017,B,-150.622424
P0018,B,282.296120
P0019,B,1330.493999
P0020,B,1487.649125
P0021,B,-1456.236558
P0022,B,-1067.795985
P0023,B,-1476.621924
P0024,A,-616.714862
P0025,A,-231.054162
P0026,B,144.044132
P0027,A,-347.252860
P0028,B,136.445071
P0029,B,334.557736
P0030,A,-342.989647
P0031,B,107.349806
P0032,A,-302.218915
P0033,B,561.395386
P0034,A,-140.244601
P0035,B,288.967816
P0036,A,-484.578595
P0037,B,-183.610623
P0038,A,243.563591
P0039,B,-445.104396
P0040,A,-281.091879
P0041,A,9.126880
P0042,A,-572.792866
P0043,A,-59.442584
P0044,A,-299.809321
P0045,A,-7.736943
P0046,B,187.966128
P0047,A,-537.580768
P0048,A,-439.729233
P0049,B,358.650340
P0050,A,-275.160742
P0051,B,77.511759
P0052,A,111.982187
P0053,A,-502.925758
P0054,B,194.452128
P0055,A,-307.407270
P0056,B,386.633656
P0057,B,257.462957
P0058,A,-549.812210
P0059,B,43.968698
P0060,A,-480.315381
P0061,B,-38.501243
P0062,A,-63.149823
P0063,A,-276.458386
P0064,B,212.243316
P0065,A,144.414411
P0066,B,73.991328
P0067,B,68.987556
P0068,A,-176.382952
P0069,B,480.223089
P0070,A,-241.061705
P0071,A,-37.203599
P0072,B,220.397240
P0073,A,-342.433672
P0074,B,306.759004
P0075,A,-128.198855
P0076,B,378.479732
P0077,A,116.429984
P0078,B,145.156081
P0079,A,-178.050876
P0080,B,372.364011
P0081,A,-385.985389
P0082,B,255.053363
P0083,A,-252.181198
P0084,B,96.786288
P0085,A,-36.091649
P0086,B,133.850893
P0087,B,-264.597224
P0088,A,-122.083134
P0089,B,198.158255
P0090,B,95.302948
P0091,A,-246.991731
P0092,A,138.298690
P0093,B,279.516247
P0094,A,-270.712945
P0095,B,110.499958
P0096,B,32.477814
P0097,A,-45.728914
P0098,B,183.146940
P0099,A,-495.698087
P0100,B,100.492415
P0101,A,46.933155
P0102,B,106.793831
P0103,A,-272.196285
P0104,A,-176.197257
P0105,A,-268.674742
P0106,B,432.779550
P0107,B,85.851379
P0108,A,-106.144453
P0109,B,417.397956
P0110,A,-189.170369
P0111,B,220.768631
P0112,A,-118.747286
P0113,A,-387.467617
P0114,A,-585.210003
P0115,B,279.701942
P0116,A,-16.818233
P0117,B,494.308151
P0118,A,16.910524
P0119,B,-222.714542
P0120,B,-22.007700
P0121,A,-177.309206
P0122,B,122.361121
P0123,A,-137.650424
P0124,B,-5.698740
P0125,A,-247.917985
P0126,B,191.116280
P0127,A,-232.350695
P0128,B,263.948957
P0129,A,-175.456699
P0130,B,165.355752
P0131,A,-255.701629
P0132,A,-254.033706
P0133,B,-14.964613
P0134,B,68.245886
P0135,A,-239.208086
P0136,A,-259.037477
P0137,B,195.934356
P0138,A,-489.766950
P0139,A,-80.755315
P0140,B,-191.394267
P0141,B,-53.698254
P0142,A,-148.398525
P0143,B,114.762060
P0144,A,82.145252
P0145,B,-421.938045
P0146,A,-267.748488
P0147,B,-271.824894
P0148,A,-153.958272
P0149,B,475.775292
P0150,A,-250.697858
P0151,B,172.583422
P0152,A,-201.772090
P0153,B,-91.318834
P0154,A,-443.992446
P0155,B,-294.435270
P0156,A,-185.834521
P0157,B,288.967816
P0158,A,-247.177426
P0159,B,482.261292
P0160,A,-137.464728
P0161,B,500.979846
P0162,A,-148.028246
P0163,B,335.113710
P0164,A,134.221172
P0165,B,282.110424
P0166,A,-314.078966
P0167,B,437.783322
P0168,A,-256.813579
P0169,B,380.147655
P0170,A,-331.685571
P0171,A,-254.219401
P0172,B,129.032817
P0173,A,-365.970302
P0174,B,368.657884
P0175,A,-293.137625
P0176,B,472.809724
P0177,A,-339.097824
P0178,B,233.000073
P0179,A,-330.758205
P0180,B,381.815579
P0181,A,-303.515448
P0182,B,253.199744
P0183,A,-178.236572
P0184,B,-5.142765
P0185,A,355.499076
P0186,B,352.904898
P0187,A,-194.174141
P0188,B,157.943498
P0189,A,-157.109536
P0190,B,187.966128
P0191,B,524.515365
P0192,B,312.689029
P0193,B,-221.416898
P0194,A,-262.188741
P0195,A,13.574677
P0196,A,-297.771118
P0197,B,330.665913
P0198,A,-310.928814
P0199,B,53.604850
P0200,B,61.388495
P0201,B,-259.779147
P0202,B,372.364011
P0203,B,132.553248
P0204,B,464.841495
P0205,A,142.932183
P0206,B,418.880184
P0207,B,-324.828179
P0208,A,-146.174627
P0209,B,231.702428
P0210,A,-413.228146
P0211,B,48.601079
P0212,A,-269.045021
P0213,B,265.246602
P0214,B,222.436555
P0215,A,-360.966531
P0216,B,-246.065477
P0217,B,-387.839009
P0218,B,106.608136
P0219,A,-202.143481
P0220,B,-50.176711
P0221,A,-144.692398
P0222,B,246.713743
P0223,B,-35.165396
P0224,A,-62.778432
P0225,B,-19.968385
P0226,A,-471.791178
P0227,B,218.359037
P0228,A,-389.321237
P0229,B,-53.326863
P0230,A,-476.053280
P0231,A,-305.739346
P0232,A,-311.299093
P0233,B,331.963558
P0234,B,418.695601
P0235,B,1556.219700
P0236,A,-204.367380
P0237,B,1081.417363
P0238,A,-318.898154
P0239,B,368.842467
P0240,B,485.412557
P0241,A,-361.152226
P0242,B,568.808752
P0243,A,-401.366983
P0244,B,523.033136
P0245,A,-320.380382
P0246,B,279.886526
P0247,A,-285.539676
P0248,B,318.620167
P0249,A,-531.650743
P0250,B,927.596974
P0251,B,1470.969886
P0252,A,-348.549393
P0253,B,1502.660440
P0254,A,-304.071423
P0255,A,1035.271469
P0256,A,1188.164493
P0257,A,-308.890611
P0258,A,-181.572420
P0259,B,291.933384
P0260,A,-316.858839
P0261,A,-107.442098
P0262,A,-242.173655
P0263,B,3.382550
P0264,A,164.985472
P0265,B,-1306.679382
P0266,A,-252.181198
P0267,B,64.724343
P0268,A,-451.034421
P0269,B,266.728830
P0270,B,486.524506
P0271,A,-491.990849
P0272,B,-387.467617
P0273,A,69.172140
P0274,B,346.418898
P0275,B,159.981701
P0276,B,-158.221485
P0277,A,-105.403895
P0278,A,-528.685174
P0279,A,-97.434554
P0280,B,378.850011
P0281,A,-91.504529
P0282,A,-523.125428
P0283,B,1220.411022
P0284,A,1194.464798
P0285,B,1494.320820
P0286,A,-223.270517
P0287,B,1485.054947
P0288,A,360.502848
P0289,A,-330.202230
P0290,B,139.224944
P0291,B,285.631968
P0292,B,1406.847108
P0293,A,-438.432700
P0294,A,-507.929529
P0295,A,-317.230230
P0296,A,-350.773292
P0297,A,-381.351897
P0298,A,-234.760289
P0299,B,144.044132
P0300,B,18.949839
P0301,A,-171.749460
P0302,B,242.821921
P0303,A,1499.324592
P0304,A,-381.537592
P0305,B,1080.675693
P0306,B,362.356467
P0307,A,-406.742146
P0308,A,-238.281832
P0309,B,-284.056336
P0310,B,1227.638692
P0311,A,-448.068853
P0312,B,616.807154
P0313,A,160.537675
P0314,B,-18.300461
P0315,A,24.879865
P0316,A,-294.063879
P0317,B,-107.998073
P0318,A,-29.791345
P0319,B,320.288091
P0320,A,-335.947672
P0321,B,1204.843732
P0322,B,179.811092
P0323,B,-108.739743
P0324,A,-283.871752
P0325,B,253.571135
P0326,A,-208.073506
P0327,A,-137.650424
P0328,B,196.305747
P0329,A,-177.124623
P0330,A,-157.479815
P0331,A,-119.303261
P0332,B,276.550678
P0333,A,-63.149823
P0334,A,-102.068047
P0335,A,-531.650743
P0336,A,-319.268433
P0337,A,-291.099422
P0338,B,240.783718
P0339,A,-109.480301
P0340,B,379.777376
P0341,A,-235.316264
P0342,B,-232.722086
P0343,B,215.579164
P0344,A,-91.689113
P0345,B,38.964926
P0346,A,-150.252145
P0347,B,-202.884039
P0348,A,35.443383
P0349,B,288.597537
P0350,A,-268.489046
P0351,B,296.565765
P0352,A,-204.367380
P0353,B,240.227743
P0354,A,-105.218199
P0355,B,468.361927
P0356,A,-379.683973
P0357,B,-182.312978
P0358,A,-483.280950
P0359,B,292.303663
P0360,A,-125.603565
P0361,B,217.988758
P0362,A,-423.791664
P0363,B,260.242830
P0364,A,-157.294119
P0365,A,-1.250943
P0366,B,222.992530
P0367,A,-80.569620
P0368,B,440.378611
P0369,B,95.302948
P0370,A,-278.682285
P0371,B,259.130881
P0372,A,-281.647854
P0373,B,264.690627
P0374,A,-193.432470
P0375,B,540.824324
P0376,B,-374.309922
P0377,B,352.534619
P0378,A,33.219484
P0379,B,436.301093
P0380,A,-43.875294
P0381,B,193.896153
P0382,A,246.343464
P0383,B,560.097741
P0384,A,-129.125109
P0385,B,265.616881
P0386,B,125.881553
P0387,A,-380.611338
P0388,B,153.124310
P0389,A,-376.719516
P0390,B,205.201342
P0391,A,-252.181198
P0392,B,449.274206
P0393,A,-193.432470
P0394,B,373.661655
P0395,A,-352.626911
P0396,B,127.735172
P0397,A,-186.576191
P0398,B,368.657884
P0399,A,-262.188741
P0400,B,-171.008902
P0401,A,-272.196285
P0402,B,316.210573
P0403,A,-335.947672
P0404,A,-129.866779
P0405,B,558.801208
P0406,A,-113.187540
P0407,A,-467.157686
P0408,B,319.176141
P0409,A,-359.484302
P0410,B,271.362323
P0411,A,-312.411042
P0412,B,205.201342
P0413,A,-263.856665
P0414,B,401.088996
P0415,A,-204.181684
P0416,B,270.250374
P0417,A,-191.394267
P0418,B,189.262661
P0419,A,-228.644568
P0420,B,263.948957
P0421,A,-67.782203
P0422,A,-456.964447
P0423,B,271.176627
P0424,A,-16.632537
P0425,A,-201.216115
P0426,A,-299.253346
P0427,B,479.667115
P0428,A,-193.988445
P0429,B,389.413529
P0430,A,-289.060107
P0431,B,223.548504
P0432,A,-238.652111
P0433,B,283.778348
P0434,B,-128.013159
P0435,B,68.431582
P0436,A,-681.763894
P0437,B,-296.659169
P0438,B,105.681882
P0439,B,410.911956
P0440,B,1057.324759
P0441,B,612.174773
P0442,A,1471.155581
P0443,B,761.731949
P0444,B,300.643283
P0445,A,1382.199640
P0446,B,1297.876079
P0447,A,1290.278130
P0448,B,581.410473
P0449,B,808.433819
P0450,B,701.130714
P0451,B,1268.780815
P0452,B,946.871502
P0453,A,1560.481802
P0454,B,204.645367
P0455,B,284.705714
P0456,A,1399.249158
P0457,B,408.688057
P0458,B,1084.197237
P0459,B,353.275178
P0460,B,851.428449
P0461,B,183.146940
P0462,B,795.830986
P0463,B,960.585173
P0464,A,1511.000059
P0465,B,1464.483886
P0466,A,1463.186241
P0467,B,1069.926480
P0468,B,1037.495367
P0469,B,1520.265933
P0470,A,1575.493117
P0471,B,676.852414
P0472,A,1336.238329
P0473,B,841.792297
P0474,A,1216.519199
P0475,B,1553.439827
P0476,B,1171.299559
P0477,B,853.282068
P0478,B,1025.819900
P0479,B,119.395552
P0480,B,-409.706603
P0481,A,-316.488560
P0482,B,-239.393781
P0483,A,-90.762859
P0484,B,119.951527
P0485,A,-166.931384
P0486,B,224.289063
P0487,B,104.940212
P0488,A,-125.603565
P0489,B,64.354064
P0490,B,-135.982500
P0491,A,-182.868952
P0492,B,427.035220
P0493,B,-31.459269
P0494,A,-130.237058
P0495,B,181.850407
P0496,A,-459.930015
P0497,B,-22.933954
P0498,A,-281.276463
P0499,B,279.886526
P0500,A,-465.860041
P0501,B,404.424844
P0502,A,-285.909955
P0503,B,-73.341950
P0504,A,-507.558138
P0505,B,294.527562
P0506,A,-320.936357
P0507,B,255.053363
P0508,A,-201.587506
P0509,B,344.565279
P0510,A,-179.718800
P0511,B,295.453816
P0512,A,40.447155
P0513,B,232.258403
P0514,A,-158.777460
P0515,B,77.697455
P0516,A,-88.353265
P0517,A,372.734290
P0518,B,-35.351091
P0519,B,300.457587
P0520,A,-435.652827
P0521,A,-1.250943
P0522,B,238.559820
P0523,A,7.644651
P0524,B,207.425240
P0525,A,-461.597939
P0526,A,-243.285604
P0527,B,180.738458
P0528,B,-13.296689
P0529,A,-406.000476
P0530,A,-327.422357
P0531,B,-277.570336
P0532,A,8.200626
P0533,B,-107.071819
P0534,A,81.403582
P0535,B,-222.158568
P0536,A,-152.661739
P0537,A,-303.886839
P0538,B,142.560792
P0539,A,41.744799
P0540,A,-191.950242
P0541,B,207.609824
P0542,A,-210.483101
P0543,B,192.969900
P0544,B,-105.774174
P0545,A,-436.764776
P0546,B,242.451642
P0547,A,-261.076792
P0548,B,343.453330
P0549,A,-205.479329
P0550,B,364.024391
P0551,A,-234.945984
P0552,B,380.333351
P0553,A,-65.558305
P0554,A,-253.293147
P0555,A,-338.171571
P0556,A,-89.094935
P0557,B,368.657884
P0558,A,-217.895354
P0559,B,-394.880983
P0560,B,25.806119
P0561,B,177.402610
P0562,B,295.639511
P0563,B,269.323008
P0564,A,-540.176058
P0565,A,-360.040277
P0566,B,229.848809
P0567,A,-83.905468
P0568,B,351.792949
P0569,A,-438.617284
P0570,B,8.200626
P0571,A,-119.487844
P0572,B,40.632850
P0573,A,-190.096623
P0574,B,-90.577163
P0575,A,172.398838
P0576,B,-103.735971
P0577,A,-409.150628
P0578,A,53.604850
P0579,B,386.449072
P0580,A,-153.217713
P0581,B,-10.888207
P0582,B,130.885324
P0583,B,338.635254
P0584,A,133.665197
P0585,A,-316.302864
P0586,B,59.720571
P0587,A,-165.077764
P0588,A,-239.578365
P0589,A,-635.803695
P0590,B,225.216428
P0591,A,41.559104
P0592,B,336.595939
P0593,A,-217.339380
P0594,A,-388.209288
P0595,B,208.351494
P0596,A,-283.315777
P0597,B,158.313777
P0598,A,-41.466812
P0599,B,24.138195
P0600,B,124.029045
P0601,A,-278.496589
P0602,A,-187.316750
P0603,B,283.593765
P0604,A,-92.245087
P0605,B,200.938128
P0606,A,-47.396837
P0607,A,-294.805549
P0608,B,246.343464
P0609,A,-491.434874
P0610,B,163.131853
P0611,B,91.782516
P0612,B,62.315861
P0613,A,-326.866382
P0614,B,71.396038
P0615,B,278.218602
P0616,B,147.564563
P0617,B,291.561993
P0618,A,-58.702026
P0619,B,-23.675624
P0620,B,-156.923840
P0621,B,191.486559
P0622,A,-268.674742
P0623,B,170.545219
P0624,A,-146.546018
P0625,B,409.428615
P0626,A,-139.502931
P0627,A,-61.110508
P0628,B,419.807550
P0629,B,472.439445
P0630,A,-213.633253
P0631,B,-120.599794
P0632,A,-115.781717
P0633,B,318.248776
P0634,A,-316.674255
P0635,B,-126.530931
P0636,A,-117.635337
P0637,B,50.454698
P0638,B,333.445786
P0639,A,173.325092
P0640,B,-214.374923
P0641,B,327.515761
P0642,B,48.230799
P0643,A,-231.054162
P0644,B,254.127109
P0645,A,-285.353981
P0646,A,153.680284
P0647,B,1.899209
P0648,A,-302.218915
P0649,B,154.977929
P0650,A,-162.483587
P0651,B,156.831548
P0652,A,-224.938441
P0653,A,-406.000476
P0654,B,-294.805549
P0655,A,-503.110341
P0656,B,412.023905
P0657,A,-363.190429
P0658,B,-214.930898
P0659,A,-351.514962
P0660,B,-0.138994
P0661,B,-265.153198
P0662,B,516.547136
P0663,A,-214.745202
P0664,B,204.829950
P0665,A,53.604850
P0666,B,134.962842
P0667,A,53.976241
P0668,B,-167.301663
P0669,A,-141.542246
P0670,B,8.200626
P0671,A,-532.021022
P0672,B,398.309123
P0673,A,-332.055850
P0674,B,313.430699
P0675,A,81.218998
P0676,B,63.242115
P0677,B,101.974643
P0678,A,-99.658453
P0679,B,327.330065
P0680,A,13.204398
P0681,B,-84.091163
P0682,A,-216.598822
P0683,A,-134.128880
P0684,B,27.289459
P0685,A,-392.101110
P0686,A,-254.033706
P0687,B,235.223972
P0688,A,-244.767832
P0689,A,4.494499
P0690,B,143.116766
P0691,A,-28.863979
P0692,B,388.116996
P0693,B,367.360239
P0694,A,-462.339609
P0695,B,372.364011
P0696,A,-35.165396
P0697,B,236.891896
P0698,A,410.540565
P0699,B,314.728344
P0700,A,-244.582137
P0701,B,457.242434
P0702,A,-80.199341
P0703,B,64.354064
P0704,A,-34.609421
P0705,B,54.346520
P0706,A,-575.758435
P0707,B,129.032817
P0708,B,22.099992
P0709,B,71.952013
P0710,A,-70.006102
P0711,B,314.912928
P0712,A,-5.698740
P0713,A,-267.192513
P0714,B,-10.146537
P0715,B,301.199258
P0716,A,-23.304233
P0717,B,274.326780
P0718,A,-153.402297
P0719,B,287.114196
P0720,A,-94.840377
P0721,B,181.664711
P0722,A,-191.764547
P0723,B,307.314979
P0724,A,-137.094449
P0725,B,223.177113
P0726,A,-310.187143
P0727,B,404.424844
P0728,B,270.250374
P0729,A,-17.744486
P0730,A,80.477328
P0731,A,-280.906183
P0732,B,142.004817
P0733,A,-176.197257
P0734,B,-65.002330
P0735,A,82.145252
P0736,B,83.071506
P0737,A,76.215227
P0738,B,183.332635
P0739,A,38.779231
P0740,A,-85.388808
P0741,B,107.349806
P0742,B,40.632850
P0743,A,-302.218915
P0744,B,66.392267
P0745,B,190.374610
P0746,B,-60.925924
P0747,B,-34.053446
P0748,A,-150.622424
P0749,B,-20.895751
P0750,B,-239.578365
P0751,B,147.194284
P0752,A,-401.922958
P0753,B,284.705714
P0754,A,-45.543218
P0755,B,-313.708687
P0756,A,-258.111223
P0757,B,316.952243
P0758,A,-231.980416
P0759,B,-18.300461
P0760,A,-344.287292
P0761,B,-76.493214
P0762,A,-447.142599
P0763,B,214.652910
P0764,A,-8.478613
P0765,A,-9.776258
P0766,B,17.281915
P0767,A,-229.942213
P0768,B,-39.242914
P0769,A,15.428296
P0770,B,66.021988
P0771,A,-240.320035
P0772,B,-3.104562
P0773,A,-77.419468
P0774,B,71.396038
P0775,B,116.429984
P0776,A,35.999358
P0777,A,-65.188026
P0778,B,107.349806
P0779,B,300.643283
P0780,B,-250.513274
P0781,A,-198.065963
P0782,B,-216.227430
P0783,A,-92.060504
P0784,B,371.993731
P0785,A,-101.512072
P0786,A,-2.177197
P0787,B,289.338095
P0788,B,-585.950562
P0789,A,-175.085308
P0790,B,15.242601
P0791,B,-51.658939
P0792,A,-244.582137
P0793,A,-146.546018
P0794,B,149.974157
P0795,A,-162.669282
P0796,A,-42.763345
P0797,B,205.571621
P0798,A,55.458470
P0799,B,194.452128
P0800,A,58.794317
P0801,A,-449.552193
P0802,B,-198.436242
P0803,A,-220.304948
P0804,A,-278.126310
P0805,B,288.967816
P0806,A,-162.669282
P0807,A,-345.028962
P0808,A,-304.071423
P0809,B,28.585992
P0810,A,-317.970788
P0811,B,253.199744
P0812,B,507.280151
P0813,A,-438.802979
P0814,A,-607.077598
P0815,B,327.515761
P0816,A,-288.319549
P0817,B,469.845267
P0818,A,-176.012673
P0819,A,-273.122539
P0820,B,-193.803862
P0821,A,-18.300461
P0822,B,299.717029
P0823,A,-143.766145
P0824,A,-12.740715
P0825,A,-225.494416
P0826,A,81.218998
P0827,B,243.007617
P0828,A,-429.351411
P0829,B,94.746973
P0830,A,-105.588478
P0831,B,136.630766
P0832,A,-302.959473
P0833,B,181.850407
P0834,B,424.439931
P0835,B,193.525874
P0836,B,94.562390
P0837,B,-76.493214
P0838,A,-295.547219
P0839,A,294.713257
P0840,B,244.119566
P0841,A,-103.550275
P0842,A,-92.801062
P0843,A,-3.845121
P0844,B,326.032421
P0845,A,-336.133368
P0846,B,209.093164
P0847,A,-323.160256
P0848,B,-5.328461
P0849,B,123.101679
P0850,A,-284.983701
P0851,A,-191.764547
P0852,B,-10.702512
P0853,B,48.045104
P0854,A,-518.863326
P0855,B,212.613595
P0856,A,-74.825290
P0857,A,-317.786205
P0858,B,-31.643852
P0859,A,-46.099193
P0860,B,52.122622
P0861,A,-243.099908
P0862,A,-332.055850
P0863,A,-348.549393
P0864,A,-431.019334
P0865,B,-180.089079
P0866,A,-255.331350
P0867,B,186.482788
P0868,B,-25.343548
P0869,A,-273.864209
P0870,A,-429.721690
P0871,B,131.256715
P0872,A,-208.259202
P0873,B,-398.772806
P0874,B,121.619451
P0875,A,-164.893181
P0876,B,205.015646
P0877,A,-317.044535
P0878,B,37.852977
P0879,A,-206.775862
P0880,A,-165.449155
P0881,A,-164.893181
P0882,A,-195.471785
P0883,A,-637.656202
P0884,A,-61.296203
P0885,B,270.434957
P0886,A,-165.077764
P0887,A,-1.621222
P0888,B,131.997274
P0889,B,-322.048306
P0890,A,-102.068047
P0891,B,263.022703
P0892,A,-278.126310
P0893,A,-556.483906
P0894,B,-3.474841
P0895,A,-212.521304
P0896,A,12.834118
P0897,B,209.277748
P0898,A,70.840064
P0899,B,214.281519
P0900,B,-167.117079
P0901,A,-607.263293
P0902,A,-152.290348
P0903,A,24.323890
P0904,B,58.608622
P0905,A,188.892382
P0906,B,150.344436
P0907,A,-109.480301
P0908,B,248.195972
P0909,A,-343.917013
P0910,B,22.099992
P0911,A,-117.819920
P0912,B,245.601794
P0913,A,-116.893667
P0914,B,157.943498
P0915,A,-183.610623
P0916,B,446.494332
P0917,A,-130.607337
P0918,B,120.507502
P0919,A,-139.874322
P0920,B,29.697941
P0921,A,27.474042
P0922,B,-17.744486
P0923,A,-33.683167
P0924,B,98.268516
P0925,A,-328.164027
P0926,A,-239.208086
P0927,B,253.755718
P0928,B,197.602280
P0929,A,-188.614394
P0930,A,-135.611109
P0931,B,237.818149
P0932,A,-139.132652
P0933,B,-230.312492
P0934,A,-499.774493
P0935,B,324.735888
P0936,A,-11.258486
P0937,A,154.792233
P0938,B,96.600593
P0939,A,-166.931384
P0940,B,293.415613
P0941,B,177.587193
P0942,B,-217.339380
P0943,B,49.342749
P0944,A,-27.752030
P0945,A,-103.179996
P0946,B,69.913810
P0947,A,-498.662544
P0948,B,214.837494
P0949,A,-58.330635
P0950,A,-139.502931
P0951,B,297.493131
P0952,B,13.204398
P0953,B,-165.263460
P0954,A,-128.939413
P0955,B,311.021105
P0956,A,-232.906669
P0957,A,-295.731803
P0958,B,-24.045903
P0959,A,33.775459
P0960,B,230.776175
P0961,A,159.425726
P0962,B,-37.759573
P0963,B,36.555332
P0964,A,-170.823206
P0965,B,121.619451
P0966,A,-137.279033
P0967,A,-133.943185
P0968,B,81.959557
P0969,A,59.535988
P0970,A,-138.020703
P0971,B,216.320834
P0972,A,-196.027760
P0973,B,437.783322
P0974,A,-124.677312
P0975,B,187.966128
P0976,A,-318.898154
P0977,A,-137.279033
P0978,B,-412.486476
P0979,A,-452.516650
P0980,B,141.634538
P0981,B,29.697941
P0982,A,-411.004248
P0983,B,242.265946
P0984,A,-234.574593
P0985,B,-9.404867
P0986,A,-163.409840
P0987,A,-80.385036
P0988,B,224.660454
P0989,A,-80.941011
P0990,B,-26.269801
P0991,B,298.233689
P0992,B,283.593765
P0993,A,-435.652827
P0994,B,-314.820636
P0995,B,63.612394
P0996,A,-181.572420
P0997,B,39.891180
P0998,A,-244.397553
P0999,A,-145.248373
P1000,B,102.160339
P1001,A,-90.392580
P1002,B,252.087794
P1003,A,-128.198855
P1004,B,266.543135
P1005,A,-158.035789
P1006,B,5.235057
P1007,B,329.368268
P1008,A,-100.214428
P1009,B,474.293064
P1010,A,-37.945269
P1011,B,493.566481
P1012,B,186.854179
P1013,A,-254.033706
P1014,A,-264.412640
P1015,B,252.087794
P1016,B,-35.907066
P1017,A,-183.610623
P1018,A,-202.143481
P1019,B,131.441299
P1020,A,-145.062677
P1021,A,-29.419954
P1022,B,86.593049
P1023,A,-119.303261
P1024,B,34.517129
P1025,A,-109.665996
P1026,B,144.044132
P1027,B,0.787260
P1028,A,-220.304948
P1029,B,288.967816
P1030,B,136.074791
P1031,B,188.892382
P1032,A,405.166514
P1033,B,547.681716
